0,question-ENG,GT,GPT_respone,Inference results,Final result,Gemini_respone,Inference results,Final result,llama3_respone,Inference results,Final result,,,,,,,,,,,,
1,"Which is more common
A. A six letter word, the fifth letter is ""n""
B. Six letter words ending in ""- ing""?",A,"To determine which is more common between the two scenarios you've presented, we need to consider the frequency of word patterns in English:
A. A six-letter word where the fifth letter is ""n"": This pattern would include words like ""happen"", ""magnet"", and ""infant"". The restriction here is quite specific to the position of one letter, which limits the number of possibilities but is not overly restrictive given the common use of the letter ""n"" in the English language.
B. Six-letter words ending in ""-ing"": This pattern captures all verbs that are in the present continuous tense, such as ""eating"", ""joking"", and ""typing"". The ""-ing"" suffix is a very common and productive grammatical feature in English, particularly for forming gerunds and present participles.
Generally, the pattern ending in ""-ing"" is likely more common because:
It is a grammatical feature used to denote continuous action, applicable to a vast number of verbs.
English has a substantial number of verbs that can take the ""-ing"" suffix to form gerunds or present participles.

While there are certainly many words where the fifth letter is ""n"", the utility and frequency of the ""-ing"" suffix in forming verbal aspects suggest it might be more common in general usage. This observation would be confirmed by analyzing a comprehensive database of English words, but based on grammatical production, option B would typically be expected to occur more frequently.",0,0,Six-letter words ending in "-ing" are more common than six-letter words with the fifth letter as "n". The "-ing" suffix is prevalent in English due to its use in forming present participles and gerunds from verbs.,0,0,B. Six letter words ending in "-ing" are more common.,0,0,,,,,,,,,,,,
2,"Which is more common
A. An eight letter word, the sixth letter is ""e""
B. Eight letter words ending in ""- ness""?",A,"To determine which type of eight-letter word is more common, let's break down each case:
A. An eight-letter word where the sixth letter is ""e"":

This category includes any eight-letter word as long as the letter at the sixth position is an ""e"". Examples include ""complete"", ""revenue"", ""extreme"".
B. Eight-letter words ending in ""-ness"":

This category is more specific, including words that not only have eight letters but also specifically end with the suffix ""-ness"". Examples include ""kindness"", ""boldness"", ""darkness"".
Considering the general structure of English vocabulary:
The restriction for type A is less stringent, requiring only that one specific letter be in one specific position.
Type B not only specifies a suffix but also limits the structure to exactly eight letters.

Given these considerations, type A (an eight-letter word where the sixth letter is ""e"") is likely more common than type B (eight-letter words ending in ""-ness""). This is because type A encompasses a wider variety of words across different categories of English vocabulary, while type B is limited to a specific subset of nouns describing states or qualities.",1,1,"Eight-letter words ending in ""-ness"" are more common. The suffix ""-ness"" is a frequent ending in English, used to form nouns indicating a state or quality (e.g., happiness, kindness). This linguistic pattern makes words with this suffix more prevalent compared to the broader category of eight-letter words with the sixth letter being ""e"".",0,0,B. Eight letter words ending in "-ness",0,0,,,,,,,,,,,,
3,"Which is more common
A. A seven letter word, the fifth letter is ""i""
B. Seven letter words ending in ""- tion""?",A,"Determining which of the options is more common requires considering the frequency of word structures in the English language.
Option A: A seven-letter word with the fifth letter being ""i""
This category includes any seven-letter words where ""i"" is the fifth letter. The frequency of this arrangement depends on how commonly ""i"" appears in that specific position in words of this length.
Option B: Seven-letter words ending in ""-tion""
Words ending in ""-tion"" are quite common in English, especially given that ""-tion"" is a frequent suffix for forming nouns (like ""action"", ""motion"", etc.). However, it's important to note that many ""-tion"" words are longer than seven letters.
Considering these points:
Option A may have a broader set of possibilities since it only specifies one letter's position and doesn't restrict the other letters.
Option B is more specific and restrictive because it not only specifies the exact ending of the word but also constrains the word length to seven letters.

Given these considerations, Option A (a seven-letter word with the fifth letter being ""i"") is likely more common due to its less restrictive nature. It encompasses a wider range of words compared to the specific suffix and word length requirement of Option B.",1,1,"To determine which is more common, let's consider the structure of the words:
Seven-letter words with the fifth letter as ""i"":
The fifth letter is fixed, so the word structure is _ _ _ _ i _ _.
The remaining six letters (three before and three after ""i"") can vary widely.
Seven-letter words ending in ""-tion"":
The last four letters are fixed as ""-tion"", so the word structure is _ _ _ t i o n.
The first three letters can vary.

Given these constraints, let's evaluate the likelihood:
Ending in ""-tion"": This is a very common suffix in English, used to form nouns from verbs (e.g., action, nation, creation). There are many seven-letter words ending in ""-tion"".
Fifth letter ""i"": While there are many seven-letter words with ""i"" as the fifth letter, the constraint is less specific compared to ""-tion"". However, it includes a broader range of words.

In general, because ""tion"" is a very common suffix, the number of seven-letter words ending in ""-tion"" is likely higher. Therefore, B. Seven-letter words ending in ""-tion"" is more common.",0,0,B. Seven letter words ending in "-tion" are more common.,0,0,,,,,,,,,,,,
4,"Which is more common
A. A seven letter word, the sixth letter is ""l""
B. Seven letter words ending in ""- able""?",A,"To determine which of these options is more common, we can consider general linguistic patterns and frequency of word types in the English language:
Option A: A seven-letter word where the sixth letter is ""l""

This category includes a wide range of words because the restriction applies to only one letter's position within a seven-letter framework. Many English words could fit this pattern, such as ""kindly,"" ""mostly,"" ""barely,"" and ""largely."" The variety here depends significantly on the flexibility of the first five letters and the final letter, allowing for numerous possibilities.
Option B: Seven-letter words ending in ""-able""

Words ending in ""-able"" are typically adjectives implying an ability or suitability, like ""actable,"" ""amiable,"" ""capable,"" and ""salable."" While there are many such adjectives, the suffix ""-able"" is a specific morphological ending, and its application is somewhat limited to words where it semantically makes sense.
Given the above considerations:
Option A likely encompasses a broader range of words because it only restricts one position without limiting the semantic field or morphological structure as in Option B.
Option B is more restrictive, both structurally (by fixing three letters at the end) and semantically (as it applies to words describing an attribute or capability).

Therefore, Option A (a seven-letter word where the sixth letter is ""l"") is more common than Option B (seven-letter words ending in ""-able""), given the broader potential for variety in word construction and usage in English.",1,1,"To determine which of the two is more common, we can consider the general principles of English word formation and frequency.
A. A seven-letter word where the sixth letter is ""l"" is quite specific, and while there are certainly many such words, the restriction of the sixth letter being ""l"" narrows it down significantly.
B. Seven-letter words ending in ""-able"" are part of a common word formation pattern in English. The suffix ""-able"" is frequently used to create adjectives, indicating that something is capable of being done (e.g., ""readable"", ""workable"", ""reliable""). Given the productivity of this suffix, there are likely to be many words fitting this pattern.
Therefore, it is more common to find seven-letter words ending in ""-able"" than seven-letter words where the sixth letter is ""l"".",0,0,B. Seven letter words ending in "-able",0,0,,,,,,,,,,,,
5,"Which is more common
A. A nine letter word, the seventh letter is ""e""
B. Nine letter words ending in ""- ment""?",A,"To determine which is more common between the two options, we can use logical reasoning and analysis of word patterns in English.
Option A: A nine-letter word where the seventh letter is ""e""
In English, nine-letter words are relatively common.
The positioning of the letter ""e"" as the seventh letter does not inherently restrict a wide range of words, given ""e"" is the most frequently used letter in the English language. This might allow for a diverse array of words fitting this criterion.

Option B: Nine-letter words ending in ""-ment""
The suffix ""-ment"" is commonly found in English and typically indicates a noun (often denoting an action or resulting state). Examples include ""agreement,"" ""movement,"" and ""equipment.""
However, words specifically ending in ""-ment"" and having exactly nine letters would form a more restricted set compared to any nine-letter word with ""e"" as the seventh letter.

Considering these points, Option A is likely more common. This is because it only specifies the position of a single letter ('e'), which is highly common, without additional constraints on the word's ending or other letters. In contrast, Option B restricts both the length and the exact ending of the word, making it less common by comparison.",1,1,"Nine-letter words ending in ""-ment"" are more common. The ""-ment"" suffix is frequently used in English to form nouns from verbs, such as ""development,"" ""agreement,"" and ""treatment."" This suffix is productive and widely used, leading to a significant number of words ending in ""-ment.""
On the other hand, the specific constraint of a nine-letter word with the seventh letter being ""e"" is more restrictive and less likely to appear as frequently as words ending in ""-ment.""",1,1,B. Nine letter words ending in "-ment" are more common.,0,0,,,,,,,,,,,,
6,"Which is more common
A. Seven letter words ending in ""- ism""
B. A seven letter word, the sixth letter is ""s""?",B,"To determine which is more common between the two types of seven-letter words you mentioned, we can reason as follows:
Option A: Seven-letter words ending in ""-ism""
Words ending in ""-ism"" often denote practices, systems, or beliefs (like ""Buddhism"" or ""realism""). However, ""-ism"" as a suffix is relatively specific and might not be as common in everyday language beyond specific contexts such as ideologies, philosophies, or scientific terms.

Option B: A seven-letter word where the sixth letter is ""s""
This option is less restrictive as it only specifies the position of the letter ""s"" and not the ending or semantic field of the word. The variability in the other six positions of the word allows for a broader range of possibilities, including common and uncommon words.

Based on the general constraints provided, Option B is likely more common because it only specifies one letter in a specific position without further restrictions on the semantic field or suffix, offering a wider array of potential words compared to the specialized ""-ism"" ending.",1,1,"Seven-letter words ending in ""-ism"" are more common than seven-letter words where the sixth letter is ""s"".
Many words in the English language end with the suffix ""-ism,"" which denotes a practice, philosophy, or system (e.g., realism, tourism, fascism). This suffix is quite productive and can form numerous words. On the other hand, having a specific letter like ""s"" in the sixth position of a seven-letter word is less likely due to the less predictable and varied nature of English word structures.",0,0,A. Seven letter words ending in "-ism" are more common.,0,0,,,,,,,,,,,,
7,"Which is more common
A. A nine letter word, the third letter is ""t""
B. Nine letter words starting with ""anti -""?",A,"The frequency of words can be determined by how common they are in usage, and the constraints you've given influence their likelihood.
Option A: A nine-letter word where the third letter is 't'. This option is more general and allows any letter to be the first, second, and fourth through ninth letters, as long as the third letter is a 't'. This flexibility increases the number of possible words.
Option B: Nine-letter words that start with ""anti-"". These are more specific, beginning with a four-letter prefix, which significantly reduces the number of possibilities. Words starting with ""anti-"" usually pertain to opposition or negation (like ""antibody"", ""antitrust""), and while these are not rare, their scope is more limited than any word fitting the criteria of Option A.
Based on these considerations, Option A is more common because it allows for a broader range of words compared to the more specific prefix required in Option B.",1,1,"To determine which is more common, we need to consider the characteristics and frequency of nine-letter words that meet each criterion.
A. Nine-letter words with the third letter ""t"":
The position of the letter ""t"" as the third letter could occur in any nine-letter word, regardless of its prefix or suffix.
Examples include: ""ultimate,"" ""potential,"" ""retaliate,"" etc.

B. Nine-letter words starting with ""anti-"":
This criterion is more specific since the word must start with the prefix ""anti-"".
Examples include: ""antipathy,"" ""antidote,"" ""antitrust,"" etc.

Given the constraints:
Nine-letter words where the third letter is ""t"" have a broader range of possibilities, as ""t"" can appear in any context within the word structure.
Nine-letter words starting with ""anti-"" are limited to words that begin with this specific prefix.

Therefore, it is generally more likely to find a higher number of nine-letter words with ""t"" as the third letter than nine-letter words starting with ""anti-"". The former set is much larger due to its less restrictive nature.",1,1,B. Nine letter words starting with "anti-" are more common.,0,0,,,,,,,,,,,,
8,"Which is more common
A. Seven letter words starting with ""pre -""
B. A seven letter word, the third letter is ""e""?",B,"Determining which type of word is more common involves considering the structure and frequency of word formation in English. Let's analyze both options:
A. Seven-letter words starting with ""pre-"": This prefix is quite common and used to indicate something relating to ""before"" in various contexts (e.g., ""predict,"" ""prevent""). However, not all words with ""pre-"" extend to exactly seven letters.
B. A seven-letter word, the third letter is ""e"": This option is broader, as it doesn't restrict the word's beginning or end but only specifies one letter's position. The English language has a very high frequency of the letter ""e,"" making it likely that many seven-letter words have ""e"" as the third letter (e.g., ""percent,"" ""believe"").
Based on this analysis, option B likely encompasses a more extensive range of words since it only specifies the position of one common letter rather than a specific prefix and total word length. Therefore, B might be more common than A.",1,1,"Seven-letter words starting with ""pre-"" are more common than seven-letter words where the third letter is ""e"". The prefix ""pre-"" is commonly used in English to form words such as ""prevent,"" ""prepare,"" ""predict,"" ""precise,"" and ""premium."" In contrast, having ""e"" as the third letter is less frequent in the English language.",0,0,A. Seven letter words starting with "pre-" are more common.,0,0,,,,,,,,,,,,
9,"Which is more common
A. Seven letter words starting with ""sub -""
B. A seven letter word, the third letter is ""b""?",B,"To determine which of the given scenarios is more common, we can analyze the frequency of each condition within the English language:
A. Seven-letter words starting with ""sub-""

This group includes any seven-letter words that begin with the prefix ""sub-"", such as ""subdued"", ""subitem"", or ""sublime"". The prefix ""sub-"" often denotes something lower in rank or a division of something, and is quite common in English.
B. A seven-letter word, where the third letter is ""b""

This condition is broader, as it includes any seven-letter words where the letter 'b' appears as the third character. Examples include ""rabbit"", ""cabinet"", or ""hobbits"". This condition doesn't restrict the beginning of the word, only a specific position within it.
Estimating Frequency:
Prefix ""sub-"": The frequency of words starting with ""sub-"" is more specialized because it relies on a specific prefix. Although ""sub-"" is a common prefix, the restriction to exactly seven letters might limit the number of qualifying words.
Third letter ""b"": This condition has potentially more variability and flexibility in word formation, as it only requires that 'b' be the third letter. This allows for a broader range of root words and suffixes, potentially resulting in a higher count of words.

Likely Conclusion:

Given the broader criteria, option B (a seven-letter word, the third letter is ""b"") is likely more common than option A (seven-letter words starting with ""sub-""). This is because option B allows for a wider variety of words from different root forms and uses, whereas option A is limited to a specific prefix and exact word length.",1,1,"Option A, seven-letter words starting with ""sub-"", is more common than option B, seven-letter words where the third letter is ""b"". Here’s why:
Seven-letter words starting with ""sub-"": The prefix ""sub-"" is quite common in English, generating many words like ""subject,"" ""subside,"" ""suburb,"" and ""subdued.""
Seven-letter words with the third letter ""b"": This pattern is less common because placing ""b"" in the third position is less typical in English word formation.

Thus, words starting with ""sub-"" are more frequently encountered in the seven-letter category.",0,0,"A seven letter word, the third letter is ""b"" (option B) is more common.",1,1,,,,,,,,,,,,
10,"Which is more common in German
A. Six letter words ending in ""- ung""
B. A six letter word, the fifth letter is ""n""?",B,"To determine which of these types of words is more common in German, we can analyze typical characteristics of German vocabulary and the use of suffixes and common letter placements:
A. Six-letter words ending in ""-ung"" – In German, the suffix ""-ung"" is very common and is used to form nouns from verbs (e.g., ""Bildung"" from ""bilden,"" meaning ""education"" from ""to educate""). However, not all ""-ung"" ending words will strictly have six letters; they can often be longer.
B. A six-letter word where the fifth letter is ""n"" – This specification is broader and less restrictive compared to the suffix-based criterion of option A. The presence of ""n"" as the fifth letter in a six-letter word can apply to various types of words (verbs, nouns, adjectives, etc.), making it a more frequent occurrence in general.
Based on these observations, option B is likely more common in German. This is because it does not rely on a specific word formation suffix and applies across a broader range of words, increasing the likelihood of more words fitting this criterion.",1,1,"To determine which is more common in German, let's analyze the given criteria for six-letter words:
A. Six-letter words ending in ""-ung"":
The suffix ""-ung"" is quite common in German and is used to form nouns from verbs, indicating an action, process, or result (e.g., ""Bildung"" for education, ""Rettung"" for rescue).

B. A six-letter word where the fifth letter is ""n"":
This pattern is less specific and depends on the overall frequency of six-letter words and the likelihood of ""n"" appearing in the fifth position.

Given the frequency of the ""-ung"" suffix in German, it is more likely that six-letter words ending in ""-ung"" are more common compared to the specific pattern where the fifth letter is ""n"". Thus, option A is likely more common.",0,0,A. Six letter words ending in "-ung" are more common in German.,0,0,,,,,,,,,,,,
11,"Which is more common in German
A. Eight letter words starting with ""ver -""
B. the third letter of an eight letter word ""r""?",B,"To answer this question about the commonality of certain types of German words, we need to consider the structure and usage of the German language, especially the prefix ""ver-"" and the placement of letters in words.
Words starting with ""ver-"": In German, ""ver-"" is a very common prefix used in verbs, adjectives, and nouns. It typically implies a change or transformation when added to words (like ""ver?ndern"" meaning ""to change"") or can denote a mistake or mishap (like ""verlaufen"" meaning ""to get lost""). Given the nature of German compound words, many words can start with ""ver-"", and they often extend to eight letters or more due to the compounding nature of the language.
Words with ""r"" as the third letter: While German also uses a rich variety of words with different letter placements, the specificity of having ""r"" as the third letter in an eight-letter word is more constrained. The distribution of letters like ""r"" might be common, but pinpointing it as the third letter in specifically eight-letter words adds a layer of rarity.

Given these considerations:
Option A (Words starting with ""ver-"") likely has more instances. This is due to the productive use of the prefix ""ver-"" in German, which applies across multiple types of words and can often lead to words of eight letters or longer.
Option B (Eight-letter words with ""r"" as the third letter) is more specific and thus likely less common. The constraint of the letter position and word length makes this less frequent.

Therefore, option A, eight-letter words starting with ""ver-"", is likely more common in German.",0,0,"Determining which is more common in German between eight-letter words starting with ""ver-"" and the third letter of an eight-letter word being ""r"" requires an analysis of German word patterns and frequency.
Eight-letter words starting with ""ver-"":
The prefix ""ver-"" is common in German and is used to form many verbs and adjectives. Examples include ""verbauen,"" ""vergeben,"" ""verlassen,"" etc.
Given the productivity of this prefix, it is likely that a significant number of eight-letter words in German start with ""ver-.""
The third letter of an eight-letter word being ""r"":
For the third letter to be ""r,"" the word could start with various combinations. Common prefixes or roots could place ""r"" in the third position, but this is more variable compared to the consistent prefix ""ver-.""

Considering the regularity and productivity of the ""ver-"" prefix, it is likely that eight-letter words starting with ""ver-"" are more common than eight-letter words where the third letter is ""r."" Therefore, option A (Eight-letter words starting with ""ver-"") is more likely to be more common.",0,0,"In German, eight-letter words starting with ""ver-"" are more common than eight-letter words where the third letter is ""r.""",0,0,,,,,,,,,,,,
12,"Which is more common in Spanish
A. Nine letter words ending in ""- oso""
B. the second to last letter ""s"" in a nine letter word?",B,"To answer your question, we'll need to consider the structure and common patterns in the Spanish language.
A. Nine letter words ending in ""-oso"": This suffix in Spanish typically means ""full of"" and is used to form adjectives. Examples include ""peligroso"" (dangerous), ""tedioso"" (tedious), and ""gustoso"" (tasty). While there are several adjectives that end with ""-oso"", they are relatively specific and not extremely common.
B. The second to last letter ""s"" in a nine-letter word: The placement of 's' as the second to last letter is a more flexible pattern. It could occur in various forms of words (plural nouns, verb conjugations, etc.) and is not limited to a specific type of word like ""-oso"" suffix adjectives.
Considering these aspects, it's likely more common to find nine-letter words where the second to last letter is ""s"" rather than specifically ending in ""-oso"". The second to last ""s"" could appear in a broader range of words and contexts, making it a more frequent occurrence in the Spanish language.",1,1,"In Spanish, it is more common to find nine-letter words where the second to last letter is ""s"" than to find nine-letter words ending in ""-oso."" This is because the structure of Spanish words often includes inflections and suffixes that can place an ""s"" in the second to last position, particularly in plural forms or certain verb conjugations. Words ending in ""-oso"" are fewer in number and typically represent a specific subset of adjectives.
For example:
Words with ""s"" as the second to last letter: presiones (pressures), opresores (oppressors), disgustos (displeasures).
Words ending in ""-oso"": hermoso (beautiful), curioso (curious), nervioso (nervous).

Given these examples and the linguistic patterns, the occurrence of ""s"" as the second to last letter in nine-letter words is more frequent.",0,1,"Among nine letter words, words ending with ""- oso"" are more common.",0,0,,,,,,,,,,,,
13,"Which is more common in Spanish
A. Eight letter words ending in ""- ista""
B. the fifth letter of an eight letter word ""i""?",B,"To determine which is more common in Spanish between eight-letter words ending in ""-ista"" and eight-letter words having ""i"" as the fifth letter, we can consider the following:
Eight-letter words ending in ""-ista"":
This is a specific suffix commonly used in Spanish to denote people who practice a certain profession or hold a certain view, similar to ""-ist"" in English (e.g., ""artista"" for ""artist"", ""dentista"" for ""dentist""). The ""-ista"" suffix is quite productive in Spanish, but the overall number of words fitting this exact criteria (eight letters and ending with ""-ista"") might be limited.
The fifth letter of an eight-letter word being ""i"":
This criterion is more about the placement of a specific letter (""i"") within words of a certain length. Spanish, like many languages, has common vowel distributions and ""i"" is a frequently used vowel. However, the specific position (fifth letter) in a word of a precise length (eight letters) might not be exceedingly common, though potentially more variable than the first case.

Without exact data or a corpus analysis, it's challenging to determine definitively which scenario occurs more frequently. However, it is likely that the occurrence of ""i"" as the fifth letter in eight-letter words might be more common due to the variety of words that could meet this criterion compared to the more limited and specific group of words ending in ""-ista."" To make a precise determination, one would ideally analyze a database or corpus of Spanish words.",1,1,"In Spanish, it is more common for eight-letter words to end in ""-ista"" than for the fifth letter of an eight-letter word to be ""i"". The suffix ""-ista"" is widely used in Spanish to denote a person associated with a particular activity, ideology, or profession, leading to a large number of words with this ending. Examples include ""periodista"" (journalist), ""artista"" (artist), and ""turista"" (tourist).
While having ""i"" as the fifth letter in an eight-letter word is certainly possible, it is less predictable and common compared to the frequent occurrence of the ""-ista"" suffix.",0,0,"Let's analyze the options provided:
A. Eight-letter words ending in ""-ista""
B. The fifth letter of an eight-letter word is ""i""
To determine which is more common in Spanish, let's break it down:
A. Eight-letter words ending in ""-ista"":
In Spanish, words ending in ""-ista"" often denote a person who practices a profession or adheres to a certain ideology (e.g., ""artista"" for artist, ""activista"" for activist). There are many such words, and since Spanish is rich in vocabulary related to professions and ideologies, words ending in ""-ista"" are quite common.
B. The fifth letter of an eight-letter word is ""i"":
To consider this option, we need to think about how common it is for the fifth letter of an eight-letter word to be ""i"". Given the structure of Spanish words and their frequency, this scenario is less predictable than the prevalence of words ending in ""-ista"".
Considering these points, option A (eight-letter words ending in ""-ista"") is generally more common in Spanish due to the linguistic structure and the frequency of such words in everyday usage.
Therefore, the answer is:
A. Eight-letter words ending in ""-ista""",0,0,,,,,,,,,,,,
14,"Which is more common in French
A. Eight letter words ending in ""-ité""
B. the sixth letter of an eight letter word ""i""?",B,"To answer your question about the frequency of specific patterns in French words:
A. Eight-letter words ending in ""-ité"": This is a common suffix in French, typically used to form nouns indicating a quality or condition, similar to ""-ity"" in English. Words like ""qualité"" (quality), ""capacité"" (capacity), and ""activité"" (activity) are examples.
B. The sixth letter of an eight-letter word being ""i"": This is more variable and would depend heavily on the specific words in question. There's no particular pattern or rule that frequently places ""i"" as the sixth letter in French words.
Considering the regularity and predictability of the suffix ""-ité"" in forming nouns, it is likely that option A, eight-letter words ending in ""-ité"", might be more common than specifically finding ""i"" as the sixth letter in eight-letter French words. However, without a full analysis of a French language corpus, this remains an educated guess rather than a definitive answer.",0,0,"A. Eight-letter words ending in ""-ité"" are more common in French.
French words with the suffix ""-ité"" (such as ""activité,"" ""égalité,"" ""stabilité"") are prevalent due to the formation of nouns from adjectives. These words often describe abstract qualities or states, making this pattern quite common in the language. In contrast, having ""i"" as the sixth letter in an eight-letter word is less systematic and therefore less frequent.",0,0,B. The sixth letter of an eight-letter word "i" is more common in French.,1,1,,,,,,,,,,,,
15,"Which is more common in French
A. Seven letter words ending in ""- eux""
B. A seven letter word, the sixth letter is ""u""?",B,"To determine which is more common in French between these two criteria:
A. Seven-letter words ending in ""-eux""
B. A seven-letter word where the sixth letter is ""u""
It's necessary to look at some general tendencies in French vocabulary and orthography:
Suffix ""-eux"": This is a common suffix in French adjectives that often corresponds to the English suffix ""-ous"" (like ""heureux"" meaning ""happy"" from ""joyous""). This suffix is quite productive, especially in descriptive words.
Words with ""u"" as the sixth letter: This is a more random and specific characteristic that doesn't rely on common morphological structures like suffixes. The position of letters in words generally follows less predictable patterns unless they are influenced by common suffixes or prefixes.

Given these observations, it's likely that option A (seven-letter words ending in ""-eux"") would be more common because this construction is part of a regular pattern in the language, specifically for forming adjectives. In contrast, having ""u"" as the sixth letter in a seven-letter word is specific and does not follow a common linguistic pattern, making it likely less frequent.",0,0,"In French, it is generally more common to find seven-letter words where the sixth letter is ""u"" than to find seven-letter words ending in ""-eux."" The suffix ""-eux"" typically appears in adjectives and tends to form shorter words, while words with ""u"" as the sixth letter can be more diverse. Examples of such words include ""influencé"" (though it has more than seven letters, words of similar structure are more common).",0,1,A. Seven letter words ending in "- eux",0,0,,,,,,,,,,,,
