0,question-ENG,GT,GPT_respone,Inference results,Final result,Gemini_respone,Inference results,Final result,llama3_respone,Inference results,Final result
1,"You are playing a lottery game where there is a special winning ticket in the prize pool. After each draw, the ticket that did not win will be returned to the prize pool. Several rounds of drawing have been conducted, but the special winning ticket has not yet been drawn. Considering the fact that the special winning ticket has not yet been drawn, please choose which of the following options best describes the probability of winning the next draw:
Option:
A. Higher than usual
B. Same probability as each previous extraction
C. Below normal",B,"The best option to describe the probability of winning the next draw in this scenario is:
B. Same probability as each previous extraction
Here's why: Since the special winning ticket is returned to the prize pool after each draw and it has not been drawn yet, the conditions of the draw do not change from one round to the next. The probability of drawing the winning ticket in the next draw remains constant, as it's the same setup and same number of total tickets in each draw. This type of scenario, where previous outcomes do not affect subsequent probabilities, characterizes a process with independent trials. Each draw is independent of the previous ones.",1,1,"The correct answer is:
B. Same probability as each previous extraction
In a lottery game where each ticket has an equal chance of being drawn and all non-winning tickets are returned to the prize pool, the probability of drawing the special winning ticket remains the same for each draw. The fact that the special winning ticket has not yet been drawn does not affect the probability of it being drawn in the next round. Therefore, the probability of winning the next draw is the same as it was in each previous draw.",1,1,C. Below normal,0,0
2,"You participated in a football betting activity where you could choose a team to win. A team has won each of the past five games with a one goal advantage. Considering the team's consecutive victories in the past five games, please choose which of the following options correctly describes their probability of winning a greater advantage (such as two or more goals) in the next game:
Option:
A. Higher than usual
B. Below normal
C. Same as previous matches",C,"To determine the probability of a team winning the next game by a greater margin (like two or more goals), based on their past performance of winning by one goal in each of the last five games, we should consider a few statistical principles:
Historical Performance: The team's consistent performance of winning by one goal suggests a certain level of competitiveness but does not necessarily indicate a strength overwhelming enough to win by larger margins.
Regression Toward the Mean: In statistics, when an outcome repeatedly deviates from the average (in this case, narrow one-goal wins), future results often revert toward the average. In sports, this might imply either maintaining the same win margin or experiencing different outcomes (either narrower wins, draws, or losses).
Random Variance: Football games are influenced by many variables (e.g., team strategy, player conditions, opponent strength), and each game can yield different outcomes. Just because a team has been winning by one goal does not strongly predict larger win margins in future games without additional context like changes in team dynamics, opponent difficulty, etc.
Probability of Increasing Margin: If the team hasn't demonstrated the capability to win by more than one goal in the recent games, the assumption of them suddenly winning by two or more goals would require evidence of a change in factors like team strategy, player lineup, or opponent weaknesses.

Given this analysis, Option C (Same as previous matches) is likely the safest choice if no further information is provided about changes in the team's playing condition or the strength of the upcoming opponent. This option assumes that their probability of winning by two or more goals remains consistent with their recent historical pattern of narrow victories. Without additional information suggesting an increased capability or a weaker opponent, expecting a greater winning margin does not align with the evidence from their past performances.",1,1,"The probability of a team winning a game by a greater advantage (such as two or more goals) in the next match does not inherently change based on their performance in the previous matches, assuming that each match is an independent event and there are no changes in team dynamics, opponent strength, or other external factors. Thus, the most accurate option would be:
C. Same as previous matches",1,1,"Based on the team's recent performance, the probability of winning by a greater advantage in the next game would likely be:
A. Higher than usual",0,0
3,"You are watching a series of guessing competitions in a game show. In this program, each contestant has only two outcomes in a round of guessing: success or failure. You noticed that a contestant has already failed several consecutive rounds. Considering the player's consecutive failures, please choose which of the following options best describes his probability of success in the next round of guessing:
Option:
A. Higher
B. Lower
C. Same",C,"You are watching a series of guessing competitions in a game show. In this program, each contestant has only two outcomes in a round of guessing: success or failure. You noticed that a contestant has already failed several consecutive rounds. Considering the player's consecutive failures, please choose which of the following options best describes his probability of success in the next round of guessing:
Option:
A. Higher
B. Lower
C. Same",1,1,"In a guessing competition where each round is independent, the probability of success in the next round is not affected by the outcomes of previous rounds. This is because each round is an independent event. Therefore, the probability of success in the next round is the same regardless of the contestant's previous performance.
So, the correct option is:
C. Same",1,1,"Option B. Lower. Given the contestant's consecutive failures, there might be an underlying issue with their strategy or understanding, making success in the next round less likely.",0,0
4,"In a long-distance race, a runner failed to take the lead in the past few races. The observer noticed the runner's consecutive failures. Considering the runner's performance in several consecutive races, please choose which of the following options best describes his probability of leading in the next race:
Option:
A. Higher
B. Lower
C. Same",C,"The probability of the runner leading in the next race based on the information provided depends on the interpretation of the pattern of his past performances and how those relate to future performance. Generally, if a runner has failed to take the lead in several consecutive races, it might suggest that there are consistent factors causing these outcomes, such as the level of competition, the runner’s fitness, strategy, or other conditions.
Here are considerations for each option:
A. Higher - This would assume that the runner is due for a better performance or that he might adapt his strategy or training to improve. This concept, sometimes referred to as ""regression to the mean,"" suggests that following an unusual streak of poor performances, a return to average (or better) performance might be expected. However, this is not a statistical certainty and would depend on active changes or random fluctuation.
B. Lower - This would suggest that the runner's recent performances are indicative of his current competitive level relative to others, and without significant changes in training, strategy, or conditions, he might continue to perform similarly.
C. Same - This assumes that the conditions and the runner’s abilities are consistent with his recent races, and thus his performance would likely be similar.
Based purely on statistical and predictive modeling, without additional context, the most likely option would be B (Lower) or C (Same), as past performance is often a good predictor of future performance unless there are significant changes or interventions. However, a definitive answer cannot be given without more specific details about the reasons behind the runner's recent performances.
Based on the information provided and typical statistical reasoning where past performance often predicts future outcomes without intervention or change, the best option is:
B. Lower",1,0,"The correct answer is C. Same.
The runner's probability of leading in the next race should be considered the same (Option C) because each race is an independent event. Past performance in previous races does not influence the outcome of future races in a statistically independent scenario. This concept is rooted in the principle of independence in probability theory.",1,1,"Based on the runner's consecutive failures to take the lead in past races, it's likely that their probability of leading in the next race is lower. So, option B: Lower.",0,0
5,"You are watching a basketball game. A player failed all of his previous attempts at shooting. Considering that this player has missed several consecutive shots, please choose which of the following options best describes the probability of his next successful shot:
Option:
A. Higher
B. Lower
C. Same",C,"The probability of the player making his next shot, assuming his skill level remains constant and each shot is an independent event, would be best described by Option C: Same.
This is based on the concept in statistics known as the ""gambler's fallacy,"" which mistakenly assumes that separate trials of a random event are dependent on each other. In reality, each shot attempt is an independent event, and the probability of making a shot does not change based on the results of previous attempts, assuming no change in the player's physical condition, morale, or other external factors. Thus, the player's chance of making the next shot should remain the same as his general shooting probability.",1,1,"The best option is:
C. Same
The probability of a player's next successful shot is generally independent of his previous attempts, assuming his shooting skill and conditions remain constant. This is consistent with the principle of statistical independence in probability theory.",1,1,"Given the player's previous performance, the best option would be B. Lower.",0,0
6,"In a board game, a player fails to win any game in consecutive rounds. Considering that this player has failed several consecutive games, please choose which of the following options best describes his probability of winning the game in the next round:
Option:
A. Same
B. Lower
C. Higher",A,"The best option that describes the player's probability of winning the next round of the game is:
A. Same
This conclusion is based on the assumption that each game is independent of the previous games. In other words, the outcome of one game does not influence the outcome of the next game. Therefore, if the probability of winning a game remains constant each round, the player's past failures do not affect their chance of winning in the next round. Each game starts with the same conditions and probabilities regardless of the outcomes of previous games.",1,1,"The correct option is:
A. Same
The probability of the player winning the game in the next round is independent of the outcomes of previous rounds. This is a classic example of the ""Gambler's Fallacy,"" which is the erroneous belief that past events affect the probabilities of future independent events. In most board games, each round is an independent event, so the probability remains the same regardless of previous outcomes.",1,1,"Option B. Lower. Since the player has failed to win several consecutive games, there may be factors at play (like skill level, luck, etc.) that make it less likely for them to win the next round.",0,0
7,"You are dining at a restaurant and have noticed that every time you come here recently, you are told that the dishes you ordered are sold out. Considering your experience during several consecutive visits, when you order the same dish on your next visit, please choose which of the following options best describes the probability of this dish being available:
Option:
A. Higher
B. Lower
C. Same",C,"The best choice would be:
B. Lower
This is based on the trend of the dish being sold out during your previous visits, suggesting a pattern or high demand that exceeds the restaurant's supply of that particular dish. This consistent unavailability indicates that the probability of the dish being available on your next visit might be lower, unless the restaurant adjusts its stock or preparation based on past demand.",0,0,"The probability of the dish being available is likely to be:
B. Lower
Given your recent experiences of the dish being sold out, it suggests a pattern of unavailability, which would imply a lower probability of the dish being available on your next visit.",0,0,Option B. Lower,0,0
8,"In a bookstore, you find that the specific book you want has been sold out on your weekly visits. Considering that you have found that the book has been consistently sold out after multiple visits, please choose which of the following options best describes the probability of the book being available on your next visit:
Option:
A. Same
B. Higher
C. Lower",A,"Based on your description of the book being consistently sold out after multiple visits, the probability that the book will be available on your next visit would logically be lower. This conclusion comes from observing a pattern where demand appears to consistently exceed supply. Therefore, without any changes to this pattern or increase in supply, the probability of the book being available during your next visit would be option C: Lower.",0,0,"Option A. Same
The probability of the book being available on your next visit remains the same unless there are changes in factors affecting its availability, such as restocking schedules or changes in demand. The previous occurrences of the book being sold out do not influence the independent probability of it being available in the future.",1,1,Option C. Lower,0,0
9,"You are watching a competition in the garden of the gardening club, and one of the contestants did not have any plants blooming in the first few rounds of the competition. Considering that this contestant's previous plants did not bloom in several consecutive rounds, please choose which of the following options best describes the probability of their next round of plant flowering:
Option:
A. Same
B. Lower
C. Higher",A,"Based on the information provided, if a contestant's plants did not bloom in several consecutive rounds, there are no specifics indicating any changes or improvements made by the contestant in the gardening process for the upcoming round. Therefore, the probability that the contestant's plants will bloom in the next round can be described as the same as in previous rounds, given that there is no evidence of change in conditions or approach. The best choice would be:
A. Same
This assumes that all conditions, including the contestant's gardening skills, resources, and external factors, remain unchanged.",1,1,"The best option is:
A. Same
The probability of a plant blooming in the next round is independent of previous outcomes, assuming each round's conditions are consistent and the plants' ability to bloom is not influenced by past rounds. This is a principle known as the ""Gambler's Fallacy,"" where previous outcomes do not affect the probability of future independent events.",1,1,"Based on the contestant's history of not having any plants bloom in several consecutive rounds, it's likely that the probability of their next round of plant flowering is lower (Option B).",0,0
10,"You have been following a TV series and have found that the plot of its recent episodes has been quite plain, without any major climaxes or twists. Considering the dull plot of several consecutive episodes, please choose which of the following options best describes the probability of a climax in the following episode:
Option:
A. Higher
B. Lower
C. Same",C,"The probability of a climax in the following episode of a TV series that has recently had a series of plain episodes can be argued both ways:
Higher Probability (Option A): Television series often use a narrative structure where several quieter episodes build up to a significant climax. This pacing can serve to deepen character development and set the stage for major plot twists. If the show has been quiet for several episodes, it might be gearing up for a significant event.
Same Probability (Option C): If the series generally maintains a consistent pacing and tone, the probability of a climax occurring in the next episode could be the same as in any other episode. This would be especially true if the series does not typically emphasize climactic twists.

Given these considerations, without specific indicators of a change in the narrative strategy or external factors like season finales or special events, the likelihood of a climax might more logically lean towards being the same (Option C) unless the narrative evidence strongly suggests a buildup (Option A). Without further information, making a precise judgment is challenging.",0,0,"Given that the recent episodes have been plain without major climaxes or twists, it is likely that the writers will introduce a climax or twist to re-engage the audience. Therefore, the probability of a climax in the following episode is:
A. Higher",0,0,"Given the recent trend of plain episodes, the probability of a climax in the following episode is likely lower.",0,0
11,"In an online game, players can draw virtual cards, each with a different rarity level. Assuming that the probability of obtaining the rarest card in each draw is 1%. A player has drawn 99 times but has not yet drawn any rare cards. Considering that the player has not won rare cards in the previous 99 draws, please choose which of the following options best describes the probability of the player winning rare cards in the 100th draw:
Option:
A. Above 1%
B. Less than 1%
C. Equal to 1%",C,"The situation described in the question is an example of the gambler's fallacy if one assumes that previous outcomes will affect future outcomes in a series of independent events. In this case, each draw of a card is an independent event. The probability of drawing a rare card does not change based on the results of previous draws.
Given that the probability of obtaining the rarest card in each draw is set at 1%, it remains constant for each draw, irrespective of past outcomes. Therefore, the probability that the player will draw a rare card on the 100th attempt is the same as it was for each of the previous 99 attempts.
So, the correct answer is:
C. Equal to 1%",1,1,"The probability of the player drawing a rare card in the 100th draw, given that the probability of obtaining a rare card on each draw is 1%, is independent of the results of the previous 99 draws. This is because each draw is an independent event in probability theory.
Therefore, the correct option is:
C. Equal to 1%",1,1,"Option C: Equal to 1%. Each draw is independent of the others, so the probability of drawing a rare card remains constant at 1% for each attempt, regardless of previous outcomes.",1,1
12,"At a horticultural center, a horticulturist has a success rate of 30% in each attempt to cultivate new varieties of flowers. This horticulturist has recently attempted five times to cultivate a rare flower variety, but each time failed to make the flowers survive. Despite the use of various soil and water adjustment strategies, the results were not ideal each time. The frustrated horticulturist believes that the next attempt must be successful because she feels that most of the problems encountered in previous attempts have been resolved. Please choose which of the following options best describes the probability of success for this horticulturist in their next attempt to cultivate this flower variety:
Option:
A. Above 30%
B. Equal to 30%
C. Less than 30%",B,"The scenario described is a classic example of the Gambler's Fallacy, which is the mistaken belief that independent events in a sequence affect the outcomes of future independent events. In this case, the horticulturist's past failures do not influence the probability of success in the next attempt, assuming that each attempt is independent and the success conditions have not changed significantly.
Given the information, the horticulturist's success rate for each individual attempt to cultivate the flowers is 30%. This rate is based on the general ability to successfully cultivate new varieties of flowers and does not change just because previous attempts have failed. Therefore, the probability of success for the next attempt remains the same, assuming the same conditions and methods of cultivation.
The correct choice is:
B. Equal to 30%",1,1,"The probability of the horticulturist's success in their next attempt remains equal to 30%.
Here's the reasoning:
The horticulturist's belief that the next attempt must be successful is influenced by a misunderstanding of probability, often referred to as the ""gambler's fallacy."" The success rate of 30% is independent of previous outcomes. In probability terms, each attempt is an independent event. This means that the outcome of the next attempt does not depend on the outcomes of the previous attempts.
Therefore, the correct option is:
B. Equal to 30%",1,1,"Option B: Equal to 30%. Each attempt to cultivate the flower variety is independent of the previous attempts, so the success rate remains the same for each attempt, regardless of past failures. Therefore, the probability of success in the next attempt is still 30%.",1,1
13,"In a yoga class, a yogi asks the students if they feel their sense of balance has improved after each class, and the probability of the students improving their sense of balance is about 20%. A frequent participant has not felt any improvement in their sense of balance after four consecutive classes. This student is very optimistic about the next class and believes that there will be a difference this time because they have not improved several times in a row before. Please choose which of the following options best describes the probability of this student feeling an improvement in balance after the next class:
Option:
A. Above 20%
B. Equal to 20%
C. Less than 20%",B,"The best option to describe the probability of the student feeling an improvement in balance after the next class is:
B. Equal to 20%
This choice is based on the understanding of the probability of independent events. Each class is an independent event, meaning the outcome of one class (feeling an improvement in balance or not) does not influence the outcome of another class. The student's previous experiences in the class, where they did not feel improvement, do not affect the probability of feeling improvement in the next class. The probability remains 20% for each class, consistent with the given probability that any student feels an improvement. This scenario exemplifies the gambler's fallacy, where one might incorrectly believe that previous outcomes influence future unrelated events.",1,1,"The probability of the student feeling an improvement in balance after the next class remains equal to 20%.
The student's belief that there will be a difference this time due to not having improved in the last four classes is an example of the gambler's fallacy. The probability of an independent event, such as improving balance in a yoga class, does not change based on previous outcomes. Therefore, the correct answer is:
B. Equal to 20%",1,1,"Option A: Above 20%. Despite not experiencing improvement in the past, the student's optimism and belief in a positive outcome could increase their motivation and focus during the next class, potentially leading to an improved sense of balance.",0,0
14,"In a high school basketball team training, a player's success rate for each free throw is about 70%. This player has missed three consecutive free throws in today's training. He felt very frustrated and believed that the next attempt would be successful because he usually wouldn't miss so many times in a row. Please choose which of the following options best describes the probability of success for this player in their next free throw attempt:
Option:
A. Below 70%
B. Equal to 70%
C. Above 70%",B,"The correct answer to this question is B. Equal to 70%.
This scenario is a classic example of what's known as the gambler's fallacy, where a person mistakenly believes that past events affect the probability of an independent random event. In this case, the basketball player's belief that his previous misses increase the likelihood of making the next shot is incorrect.
Each free throw attempt is an independent event, meaning that the outcome of one throw does not influence the outcome of any other throws. Therefore, regardless of the player missing three consecutive shots, the probability of succeeding on the next free throw remains 70%, as that is his consistent success rate.",1,1,"The correct option is:
B. Equal to 70%
This is because each free throw attempt is an independent event. The probability of making the next free throw does not depend on the outcome of the previous attempts. So, regardless of the player's past performance (whether he missed three consecutive throws or not), the probability of making the next free throw remains 70%. This concept is rooted in the principle of independent events in probability theory.",1,1,"Option B: Equal to 70%.
Each free throw attempt is independent of the previous attempts, so the player's usual success rate of 70% remains unchanged for the next attempt, regardless of the previous misses.",1,1
15,"In a library, when a librarian recommends books to readers, the probability of reader satisfaction is 90%. This librarian recently recommended to three different readers, but each time failed to meet their satisfaction. The librarian finds this situation very unusual because usually her recommendations are always welcomed. Therefore, she believes that the next recommendation to readers will definitely be successful, as she has ""exhausted"" the opportunities for failure. Please choose which of the following options best describes the probability that the librarian will achieve reader satisfaction in the next book recommendation:
Option:
A. Above 90%
B. Equal to 90%
C. Below 90%",B,"The correct option is:
B. Equal to 90%
This is because each book recommendation by the librarian is an independent event. The probability of achieving reader satisfaction does not change based on the outcomes of previous recommendations. Therefore, the probability that the next recommendation will satisfy a reader remains at 90%, despite the unusual string of previous failures. The librarian's belief that she has ""exhausted"" the opportunities for failure is an example of the gambler's fallacy, which incorrectly assumes that independent events are somehow influenced by the outcomes of earlier events.",1,1,"The probability of achieving reader satisfaction for the next book recommendation remains the same as it was before, which is 90%. This is because each recommendation event is independent of the previous ones. The fact that the librarian failed to satisfy three readers in a row does not affect the probability of satisfaction for the next recommendation. Thus, the best option is:
B. Equal to 90%",1,1,Option A: Above 90%.,0,0
16,"In a laboratory, a scientist conducted a chemical reaction experiment and the probability of successfully synthesizing the target compound is 60%. This scientist has recently conducted five identical experiments, each time failing to successfully synthesize the target compound. He began to doubt whether the experimental conditions were incorrect, but after checking the experimental conditions, it was confirmed that everything was normal. Scientists feel that the probability of success in the next experiment should be higher due to previous consecutive failures. Please choose which of the following options best describes the probability of the scientist successfully synthesizing the target compound in the next chemical reaction experiment:
Option:
A. Equal to 60%
B. Less than 60%
C. Over 60%",A,"The best choice to describe the probability of the scientist successfully synthesizing the target compound in the next experiment is:
A. Equal to 60%
This is based on the principle that each experiment is independent of the previous experiments. The fact that the scientist failed five times in a row does not influence the outcome of the next experiment due to the independent nature of each trial. The misconception that a success is ""due"" after a series of failures is known as the gambler's fallacy. The true probability remains 60%, as stated initially.",1,1,"The best option to describe the probability of the scientist successfully synthesizing the target compound in the next chemical reaction experiment is:
A. Equal to 60%
This is because the probability of success in each experiment is independent of the previous outcomes. The fact that the scientist failed in the last five experiments does not change the inherent probability of success for the next experiment, which remains at 60%. This is a common principle in probability theory known as the ""Gambler's Fallacy,"" where people mistakenly believe that past events can influence the likelihood of future independent events.",1,1,"Option C: Over 60%. This is based on the concept of the gambler's fallacy, where consecutive failures increase the likelihood of success in future trials, assuming the underlying probability remains constant.",0,0
17,"In a software development company, the probability of a programmer successfully submitting and running code for a specific feature for the first time is 75%. This programmer has recently attempted four times to write a complex new feature, but each time there were errors that prevented the code from running successfully. She feels frustrated but also confused because she is usually able to solve problems quickly. Therefore, she believes that her next attempt will have a greater chance of success and believes that she has overcome most common mistakes. Please choose which of the following options best describes the probability of this programmer's code successfully running on the next attempt to write this feature:
Option:
A. Above 75%
B. Equal to 75%
C. Below 75%",B,"The scenario you described highlights a common misconception known as the ""gambler's fallacy,"" which is the belief that independent events in a given sequence are causally related. In the case of the programmer, each attempt to write and run the code is an independent event. The fact that her code did not run successfully in her previous attempts does not influence the outcome of her next attempt, provided that the attempts are indeed independent and her skill level or the complexity of the task has not changed significantly.
Assuming the probability of a successful run has been accurately calculated at 75% for each attempt, and each attempt is independent, her previous failures do not change the probability of succeeding on her next attempt. This probability remains constant.
Thus, the correct answer is:
B. Equal to 75%",1,1,"The correct answer is:
B. Equal to 75%
The probability of a programmer successfully submitting and running code for a specific feature for the first time is given as 75%. This probability is assumed to be independent of previous attempts. Therefore, despite the programmer having failed in her last four attempts, the probability of success on her next attempt remains 75%. Each attempt is considered an independent event, and previous failures do not influence the probability of future success.",1,1,"Option A: Above 75%. Each attempt provides a learning opportunity, and with each iteration, the programmer is likely to identify and correct previous errors, increasing the chances of success beyond the initial 75% probability.",0,0
18,"At a music school, a piano teacher has an 85% chance that students pass an important music exam each time. Recently, four students of this teacher have taken different music exams in a row, but each student has failed. The teacher reflected on the teaching methods and made some adjustments, but she also believes that due to multiple consecutive failures, the probability of the next student passing the exam should be higher. Please choose which of the following options best describes the probability of this teacher's next student passing the exam:
Option:
A. Above 85%
B. Less than 85%
C. Equal to 85%",C,"The scenario described here concerns the concept of probability in situations where each event is independent of previous ones. Since the students' exams are treated as independent events — meaning the outcome of one exam does not influence the outcome of another — the teacher's historical probability of 85% success rate for each student remains consistent for each new exam.
Even though there have been multiple consecutive failures, this does not affect the probability of future events because of the independence of each event. The idea that after a string of failures an event becomes due for success is known as the ""gambler's fallacy."" It is a misconception that does not apply in scenarios involving independent events.
Given that the probability of each student passing remains independent of previous results, and there are no changes in the conditions under which the probability was originally determined, the probability that the next student will pass the exam remains at 85%.
Therefore, the correct answer is:
C. Equal to 85%",1,1,"The probability of the teacher's next student passing the exam remains independent of the previous students' outcomes, given that each student's performance on the exam is an independent event.
Thus, the correct answer is:
C. Equal to 85%",1,1,"Option A: Above 85%.
Each student's exam outcome is independent of the others, so the probability of passing for the next student remains 85%. The teacher's adjustments might improve the odds, potentially increasing the probability above 85%.",0,0
19,"At a boutique coffee shop, the probability of a barista successfully producing a special latte and achieving high customer satisfaction is 80%. This barista has recently received some new and more complex latte orders, and in five consecutive attempts, each time failed to fully satisfy the customer. Although there were no obvious technical errors, the barista felt uneasy and began to doubt whether there were any issues with the new coffee beans or equipment. However, all equipment and raw materials showed normal after inspection. The barista believes that after this series of failures, the next production will definitely succeed because he feels that there have been too many failures. Please choose which of the following options best describes the probability of this barista successfully achieving high customer satisfaction in their next special latte production:
Option:
A. Above 80%
B. Below 80%
C. Equal to 80%",C,"The correct choice here is C. Equal to 80%.
This situation is a classic example of the ""gambler's fallacy,"" which is the mistaken belief that independent events in a random process can influence the outcomes of future events to ""balance"" out the frequency. However, each attempt the barista makes to produce a special latte is an independent event, and the probability of success remains consistent at 80% each time, assuming the conditions (skills, materials, and equipment) remain the same and no new variables affect the outcome.
The five previous failures do not impact the probability of success for the next attempt, which still stands at 80%. The belief that a success is ""due"" after a series of failures is a misconception in the understanding of probability and randomness.",1,1,"The probability of the barista successfully achieving high customer satisfaction in their next special latte production remains unaffected by the previous outcomes, provided each attempt is independent. This scenario can be analyzed using the concept of independent events in probability theory.
Even though the barista has experienced a series of failures, the likelihood of success in any given attempt is still based on the original probability, which is 80%. This is because each attempt is considered an independent event, meaning the outcome of one attempt does not influence the outcome of the next.
Therefore, the correct option is:
C. Equal to 80%",1,1,"Option C: Equal to 80%.
The probability of success in each attempt is independent of previous attempts. The barista's feeling that there have been too many failures does not affect the outcome of the next attempt. Therefore, the probability remains the same as before, which is 80%.",1,1
20,"In a high-end restaurant, a chef is specifically responsible for making exquisite desserts. The chef has a 65% chance of successfully attracting customer appreciation for the unique desserts on the new dessert menu. Recently, the chef tried a new dessert recipe, but failed to receive widespread praise from customers after five consecutive attempts, with each feedback pointing out different areas for improvement. The chef made multiple adjustments, but none of them achieved the expected results. Nevertheless, the chef remained optimistic and believed that the next attempt would be successful, as he believed that most of the problems had been gradually resolved. Please choose which of the following options best describes the probability of this chef successfully attracting customer appreciation on their next attempt to make this specialty dessert:
Option:
A. Equal to 65%
B. Above 65%
C. Below 65%",A,"Based on the information provided, the chef has a baseline success rate of 65% for attracting customer appreciation for the desserts. This percentage reflects the overall likelihood of success under typical conditions. However, the scenario mentions that the chef failed five consecutive times with the specific new dessert recipe, despite making adjustments, and none of these attempts met the expected level of customer approval.
Considering this, it appears that this specific dessert or the adjustments made thus far might be facing unique challenges that aren't typically encountered with other desserts. This could indicate that the inherent issues with this dessert are not fully addressed by the adjustments made, thus suggesting that the probability of success could be different from the chef's typical 65% success rate.
Given the repeated failures despite adjustments, we can infer that the current likelihood of success might be lower than usual because the specific dessert has not yet reached a point of meeting customer expectations based on past attempts. The continuous failures, despite optimism and incremental changes, suggest that the 65% success rate may not currently apply to this specific dessert under the ongoing circumstances.
Therefore, the best answer to this situation is:
C. Below 65%",0,0,"Option A: Equal to 65%
The probability of the chef successfully attracting customer appreciation on the next attempt remains 65%. Each attempt is independent of previous attempts, and despite the recent failures, the underlying probability of success doesn't change based on past outcomes.",1,1,"Option B. Above 65%. Despite previous failures, the chef's continuous adjustments and belief in resolving issues suggest an improving process, potentially increasing the chance of success beyond the initial 65%.",0,0
,,,,,,,,,,,
,,,,,,,,,,,
,,,,,,,,,,,
,,,,,,,,,,,
,,,,,,,,,,,
,,,,,,,,,,,
,,,,,,,,,,,
,,,,,,,,,,,
,,,,,,,,,,,
,,,,,,,,,,,
,,,,,,,,,,,
,,,,,,,,,,,
,,,,,,,,,,,
,,,,,,,,,,,
,,,,,,,,,,,
,,,,,,,,,,,
,,,,,,,,,,,
,,,,,,,,,,,
,,,,,,,,,,,
,,,,,,,,,,,
,,,,,,,,,,,
,,,,,,,,,,,
,,,,,,,,,,,
,,,,,,,,,,,
,,,,,,,,,,,
,,,,,,,,,,,
,,,,,,,,,,,
,,,,,,,,,,,
,,,,,,,,,,,
,,,,,,,,,,,
,,,,,,,,,,,
,,,,,,,,,,,
,,,,,,,,,,,
,,,,,,,,,,,
,,,,,,,,,,,
,,,,,,,,,,,
,,,,,,,,,,,
,,,,,,,,,,,
,,,,,,,,,,,
,,,,,,,,,,,
,,,,,,,,,,,
,,,,,,,,,,,
,,,,,,,,,,,
,,,,,,,,,,,
,,,,,,,,,,,
,,,,,,,,,,,
,,,,,,,,,,,
,,,,,,,,,,,
,,,,,,,,,,,
,,,,,,,,,,,
,,,,,,,,,,,
,,,,,,,,,,,
